term_display_name,description,steward,tagged_assets,synonyms,related_terms,belongs_to_category
AOV (Average Order Value),Mean gross monetary expenditure per completed customer order.,LumièreShop Data Governance <governance@lumiereshop.internal>,"daily_category_targets:target_aov, orders:total_amount","average order value, basket size, average checkout amount","Commercial Target Revenue Variance, Black Week Peak Commercial Period, Gross Margin Percentage (GM %), DSO (Days Sales Outstanding), Effective VAT Tax Collection Rate",Commercial Targets & Financial Performance
Accounts Payable (AP) Days Outstanding (DPO),Average number of days taken to settle vendor and supplier invoices from invoice receipt date.,LumièreShop Data Governance <governance@lumiereshop.internal>,"accounts_payable_disbursements:disbursement_amount_eur, accounts_payable_invoices:invoice_amount_eur","DPO, days payable outstanding, AP invoice aging, vendor payment latency","AOV (Average Order Value), Commercial Target Revenue Variance, Black Week Peak Commercial Period, Gross Margin Percentage (GM %), DSO (Days Sales Outstanding)",Commercial Targets & Financial Performance
Bank Statement Reconciliation Discrepancy,Unreconciled financial variance between bank statement settlement cash flows and internal general ledger cash accounts.,LumièreShop Data Governance <governance@lumiereshop.internal>,"accounts_receivable_invoices:invoice_amount_eur, bank_account_reconciliation:discrepancy_amount_eur, currency_exchange_rates_daily:exchange_rate_to_eur, customs_and_duties_declarations:duty_amount_eur","bank variance, cash book reconciliation, unsettled bank items","AOV (Average Order Value), Commercial Target Revenue Variance, Black Week Peak Commercial Period, Gross Margin Percentage (GM %), DSO (Days Sales Outstanding)",Commercial Targets & Financial Performance
Black Week Peak Commercial Period,"The annual Q4 retail peak promotional sales period from Monday November 23, 2026 00:00:00 to Sunday November 29, 2026 23:59:59 UTC, encompassing Black Friday and Cyber Monday. Evaluated against executive weekly_commercial_targets and daily_category_targets with an executive sales benchmark of €6,650,000 across categories.",LumièreShop Data Governance <governance@lumiereshop.internal>,"daily_category_targets:date, orders:created_at, weekly_commercial_targets:week_start_date","Black Week, Black Friday, Cyber Week, Peak Promo Event, Black Week 2026, Q4 Peak Promotional Period, Black Friday Cyber Monday, BFCM","AOV (Average Order Value), Commercial Target Revenue Variance, Gross Margin Percentage (GM %), DSO (Days Sales Outstanding), Effective VAT Tax Collection Rate",Commercial Targets & Financial Performance
Commercial Intake Sales Velocity,Real-time intake revenue rate partitioned by 15-minute intervals and category hierarchy paths against baseline pacing.,LumièreShop Data Governance <governance@lumiereshop.internal>,"categories:category_name, category_15min_targets:target_sales_eur, category_hierarchy_paths:hierarchy_path, distribution_centers:name, sales_event_stream:event_amount_eur","sales velocity, 15min run rate, category sales intake, intake pacing","AOV (Average Order Value), Commercial Target Revenue Variance, Black Week Peak Commercial Period, Gross Margin Percentage (GM %), DSO (Days Sales Outstanding)",Commercial Targets & Financial Performance
Commercial Target Revenue Variance,The net monetary gap between realized actual gross sales and planned financial targets.,LumièreShop Data Governance <governance@lumiereshop.internal>,"daily_category_targets:target_revenue, weekly_commercial_targets:target_revenue","revenue gap, target deficit, sales variance, revenue shortfall","AOV (Average Order Value), Black Week Peak Commercial Period, Gross Margin Percentage (GM %), DSO (Days Sales Outstanding), Effective VAT Tax Collection Rate",Commercial Targets & Financial Performance
DSO (Days Sales Outstanding),Corporate financial liquidity metric measuring the average number of calendar days required to collect invoice receivables from corporate clients.,LumièreShop Data Governance <governance@lumiereshop.internal>,"accounts_receivable_invoices:billed_amount_eur, accounts_receivable_invoices:due_date","DSO, receivable collection days, AR collection period, days sales outstanding","AOV (Average Order Value), Commercial Target Revenue Variance, Black Week Peak Commercial Period, Gross Margin Percentage (GM %), Effective VAT Tax Collection Rate",Commercial Targets & Financial Performance
Effective VAT Tax Collection Rate,The realized value-added tax percentage collected across European destination jurisdictions.,LumièreShop Data Governance <governance@lumiereshop.internal>,"vat_period_filing_reports:vat_collected_eur, vat_tax_jurisdictions:standard_vat_rate_pct","VAT rate, sales tax rate, effective tax rate, destination VAT","AOV (Average Order Value), Commercial Target Revenue Variance, Black Week Peak Commercial Period, Gross Margin Percentage (GM %), DSO (Days Sales Outstanding)",Commercial Targets & Financial Performance
General Ledger (GL) Debit-Credit Balance,Double-entry bookkeeping validation ensuring total debits equal total credits across all posted journal lines.,LumièreShop Data Governance <governance@lumiereshop.internal>,"chart_of_accounts:account_number, general_ledger_journal_entries:journal_id, gl_journal_lines:debit_amount_eur","trial balance check, debit credit equality, GL reconciliation, journal line balance","AOV (Average Order Value), Commercial Target Revenue Variance, Black Week Peak Commercial Period, Gross Margin Percentage (GM %), DSO (Days Sales Outstanding)",Commercial Targets & Financial Performance
Gross Margin Percentage (GM %),The proportion of total e-commerce revenue retained after subtracting product acquisition and manufacturing costs of goods sold (COGS).,LumièreShop Data Governance <governance@lumiereshop.internal>,"order_items:sale_price, products:cost, products:retail_price","gross profit margin, product margin, COGS margin, gross margin","AOV (Average Order Value), Commercial Target Revenue Variance, Black Week Peak Commercial Period, DSO (Days Sales Outstanding), Effective VAT Tax Collection Rate",Commercial Targets & Financial Performance
CLV (Customer Lifetime Value),The predicted total gross merchandise value generated by an individual customer account over their lifetime.,LumièreShop Data Governance <governance@lumiereshop.internal>,"loyalty_members:user_id, orders:total_amount","CLV, LTV, customer lifetime value, lifetime customer GMV","Loyalty Points Breakage Rate (%), Loyalty Reward Points Redemption Rate, Loyalty Points Burn-to-Earn Ratio, Gift Card Unredeemed Breakage Value, Customer Referral Program Acquisition Yield","Customer Loyalty, Rewards & Retention"
Customer Referral Program Acquisition Yield,Number of qualified newly registered customers acquired per referral invitation link shared by existing brand advocates.,LumièreShop Data Governance <governance@lumiereshop.internal>,"referral_program_invites:invite_id, referral_reward_claims:reward_amount_eur","referral conversion rate, viral coefficient, referral reward claim rate","Loyalty Points Breakage Rate (%), Loyalty Reward Points Redemption Rate, CLV (Customer Lifetime Value), Loyalty Points Burn-to-Earn Ratio, Gift Card Unredeemed Breakage Value","Customer Loyalty, Rewards & Retention"
Gift Card Unredeemed Breakage Value,Total monetary value of issued gift cards and store credit balances that remain unredeemed past expiration thresholds.,LumièreShop Data Governance <governance@lumiereshop.internal>,"gift_card_master:current_balance_eur, gift_card_transactions:transaction_amount_eur, store_credit_issuances:credit_amount_eur","unredeemed gift cards, breakage revenue, store credit float","Loyalty Points Breakage Rate (%), Loyalty Reward Points Redemption Rate, CLV (Customer Lifetime Value), Loyalty Points Burn-to-Earn Ratio, Customer Referral Program Acquisition Yield","Customer Loyalty, Rewards & Retention"
Loyalty Points Breakage Rate (%),The percentage of customer loyalty points issued that will expire unredeemed based on historical expiration patterns.,LumièreShop Data Governance <governance@lumiereshop.internal>,"loyalty_members:total_points_balance, loyalty_points_ledger:points_delta","points breakage, unredeemed loyalty points, points expiration rate, breakage percentage","Loyalty Reward Points Redemption Rate, CLV (Customer Lifetime Value), Loyalty Points Burn-to-Earn Ratio, Gift Card Unredeemed Breakage Value, Customer Referral Program Acquisition Yield","Customer Loyalty, Rewards & Retention"
Loyalty Points Burn-to-Earn Ratio,Proportion of issued loyalty reward points redeemed by customers relative to newly earned points.,LumièreShop Data Governance <governance@lumiereshop.internal>,"loyalty_members:current_points_balance, loyalty_points_ledger:points_delta, loyalty_reward_redemptions:reward_id, loyalty_tier_definitions:tier_name","burn to earn, points redemption velocity, loyalty point utilization rate","Loyalty Points Breakage Rate (%), Loyalty Reward Points Redemption Rate, CLV (Customer Lifetime Value), Gift Card Unredeemed Breakage Value, Customer Referral Program Acquisition Yield","Customer Loyalty, Rewards & Retention"
Loyalty Reward Points Redemption Rate,The proportion of accumulated member loyalty points converted into commercial reward redemptions and discounts.,LumièreShop Data Governance <governance@lumiereshop.internal>,"loyalty_points_ledger:points_delta, loyalty_reward_redemptions:points_spent","reward redemption rate, loyalty burn rate, point redemption percentage, points utilization","Loyalty Points Breakage Rate (%), CLV (Customer Lifetime Value), Loyalty Points Burn-to-Earn Ratio, Gift Card Unredeemed Breakage Value, Customer Referral Program Acquisition Yield","Customer Loyalty, Rewards & Retention"
CSAT (Customer Satisfaction Score %),The percentage of satisfied survey responses (rating 4 or 5 out of 5) submitted following customer support interactions.,LumièreShop Data Governance <governance@lumiereshop.internal>,"csat_surveys:score, csat_surveys:ticket_id","CSAT, customer satisfaction, support satisfaction, service satisfaction rate","First Contact Resolution (FCR %), NPS (Net Promoter Score), Helpdesk Ticket SLA Compliance Rate, First Contact Resolution (FCR) Rate, Customer Support Ticket Backlog","Customer Support, CRM & CSAT"
CSAT (Customer Satisfaction Score),Average customer satisfaction rating recorded on post-ticket resolution surveys on a 1-5 scale.,LumièreShop Data Governance <governance@lumiereshop.internal>,"csat_surveys:csat_score, support_agents:tier_level","customer satisfaction, CSAT rating, support quality score, customer happiness index","First Contact Resolution (FCR %), CSAT (Customer Satisfaction Score %), NPS (Net Promoter Score), Helpdesk Ticket SLA Compliance Rate, First Contact Resolution (FCR) Rate","Customer Support, CRM & CSAT"
Customer Escalation Rate,Percentage of customer support inquiries escalated to senior management or tier-3 support teams.,LumièreShop Data Governance <governance@lumiereshop.internal>,"agent_worklog_shifts:shift_type, call_center_recordings_metadata:call_duration_seconds, customer_escalations:escalation_reason","tier 3 escalation, manager escalation rate, critical complaint volume","First Contact Resolution (FCR %), CSAT (Customer Satisfaction Score %), NPS (Net Promoter Score), Helpdesk Ticket SLA Compliance Rate, First Contact Resolution (FCR) Rate","Customer Support, CRM & CSAT"
Customer Support Ticket Backlog,Total count of unresolved or pending customer service tickets across support queues.,LumièreShop Data Governance <governance@lumiereshop.internal>,"support_tickets:priority, ticket_messages:sender_type","support backlog, open ticket queue, unresolved ticket count, helpdesk queue depth","First Contact Resolution (FCR %), CSAT (Customer Satisfaction Score %), NPS (Net Promoter Score), Helpdesk Ticket SLA Compliance Rate, First Contact Resolution (FCR) Rate","Customer Support, CRM & CSAT"
First Contact Resolution (FCR %),The percentage of customer support tickets successfully resolved during the initial contact without requiring escalations or repeat interactions.,LumièreShop Data Governance <governance@lumiereshop.internal>,"support_tickets:status, support_tickets:ticket_id","FCR, first touch resolution, one touch resolution, single contact solve","CSAT (Customer Satisfaction Score %), NPS (Net Promoter Score), Helpdesk Ticket SLA Compliance Rate, First Contact Resolution (FCR) Rate, Customer Support Ticket Backlog","Customer Support, CRM & CSAT"
First Contact Resolution (FCR) Rate,Percentage of incoming support tickets resolved in a single interaction without follow-up escalation.,LumièreShop Data Governance <governance@lumiereshop.internal>,"support_tickets:status, ticket_categories:category_name","FCR, one-touch resolution, single contact fix rate","First Contact Resolution (FCR %), CSAT (Customer Satisfaction Score %), NPS (Net Promoter Score), Helpdesk Ticket SLA Compliance Rate, Customer Support Ticket Backlog","Customer Support, CRM & CSAT"
Helpdesk Ticket SLA Compliance Rate,The percentage of support tickets resolved strictly within the defined category SLA target duration in minutes.,LumièreShop Data Governance <governance@lumiereshop.internal>,"support_tickets:resolution_time_sec, ticket_categories:sla_target_minutes","support SLA compliance, helpdesk SLA rate, case resolution SLA, ticket SLA adherence","First Contact Resolution (FCR %), CSAT (Customer Satisfaction Score %), NPS (Net Promoter Score), First Contact Resolution (FCR) Rate, Customer Support Ticket Backlog","Customer Support, CRM & CSAT"
Live Chat Customer Support & Knowledge Base Deflection,"Real-time live chat session metrics, agent messaging throughput, and knowledge base self-service deflection rate.",LumièreShop Data Governance <governance@lumiereshop.internal>,"knowledge_base_articles:view_count, live_chat_messages:message_text, live_chat_sessions:session_id","live chat volume, chat response time, knowledge base deflection, help center reads","First Contact Resolution (FCR %), CSAT (Customer Satisfaction Score %), NPS (Net Promoter Score), Helpdesk Ticket SLA Compliance Rate, First Contact Resolution (FCR) Rate","Customer Support, CRM & CSAT"
NPS (Net Promoter Score),Customer advocacy index calculated as the percentage of brand Promoters (ratings 9-10) minus Detractors (ratings 0-6).,LumièreShop Data Governance <governance@lumiereshop.internal>,nps_feedback_responses:score,"NPS, net promoter score, customer advocacy, brand loyalty index","First Contact Resolution (FCR %), CSAT (Customer Satisfaction Score %), Helpdesk Ticket SLA Compliance Rate, First Contact Resolution (FCR) Rate, Customer Support Ticket Backlog","Customer Support, CRM & CSAT"
Conversational Agent Query Slot-Millisecond Efficiency,BigQuery slot-milliseconds and compute resources consumed by automated conversational analytics agents per SQL execution.,LumièreShop Data Governance <governance@lumiereshop.internal>,"agent_interaction_logs:slot_milliseconds, dev_customer_churn_feature_store:feature_timestamp, dev_product_embedding_vectors:embedding_version","slot consumption, agent query compute, BigQuery slot efficiency",Sandbox Test Simulators & Synthetic Validation Harness,"Data Governance, Quality & Interaction Auditing"
Sandbox Test Simulators & Synthetic Validation Harness,"Non-production sandbox environments for synthetic load testing, fraud simulation, pricing experimentation, and web event telemetry.",LumièreShop Data Governance <governance@lumiereshop.internal>,"qa_checkout_synthetic_fuzz_tests:test_id, qa_load_test_sessions_backup:session_id, sandbox_dynamic_pricing_sim_v1:sim_id, sandbox_search_ranking_ab_test:variant, test_carrier_webhook_payloads:payload_id, test_fraud_mock_transactions:transaction_id, web_events:event_type","sandbox pricing simulation, QA load test, synthetic fraud test, clickstream web events",Conversational Agent Query Slot-Millisecond Efficiency,"Data Governance, Quality & Interaction Auditing"
Cookie Consent Tracking Attribution Mirage,"Discrepancy where client-side analytics pixels (e.g. Meta Pixel on iOS Safari) drop tracking events, while server-side BigQuery order records remain healthy.",LumièreShop Data Governance <governance@lumiereshop.internal>,"orders:total_amount, web_sessions:device_os","cookie tracking drop, iOS tracking glitch, attribution mirage, CMP consent drop",Payment Service Provider (PSP) Error,Digital Experience & Payments
Payment Service Provider (PSP) Error,"Technical transaction failures, gateway timeouts, or authorization declines returned by Stripe, PayPal, or Adyen.",LumièreShop Data Governance <governance@lumiereshop.internal>,"payment_gateway_logs:error_code, payment_gateway_logs:status","payment failure, gateway timeout, checkout error, credit card decline",Cookie Consent Tracking Attribution Mirage,Digital Experience & Payments
Carrier Capacity Utilization & Bottleneck,Operational workload percentage of logistics distribution centers and freight carriers. Utilization over 90% triggers shipping SLA delays.,LumièreShop Data Governance <governance@lumiereshop.internal>,shipping_lead_times:capacity_utilization_pct,"logistics bottleneck, warehouse congestion, carrier overload","DACH Region, Delivery Lead Time SLA",Fulfillment & Regional Logistics
DACH Region,"Central European commercial zone comprising Germany (DE), Austria (AT), and Switzerland (CH), primarily fulfilled by the Frankfurt Hub (DC 2).",LumièreShop Data Governance <governance@lumiereshop.internal>,"shipping_lead_times:destination_region, users:country","DACH, German market, Central Europe, German-speaking region","Delivery Lead Time SLA, Carrier Capacity Utilization & Bottleneck",Fulfillment & Regional Logistics
Delivery Lead Time SLA,The promised carrier transit duration displayed to customers at checkout. Standard target is 24 hours.,LumièreShop Data Governance <governance@lumiereshop.internal>,shipping_lead_times:actual_promised_lead_time_hours,"shipping lead time, delivery promise, transit time, shipping speed","DACH Region, Carrier Capacity Utilization & Bottleneck",Fulfillment & Regional Logistics
Affiliate Publisher Commission Yield,Total partner commission payout generated per unit of net revenue driven by external affiliate publisher networks.,LumièreShop Data Governance <governance@lumiereshop.internal>,"affiliate_commission_payouts:commission_amount_eur, affiliate_publishers_directory:publisher_name, coupon_redemption_audit:discount_applied_eur, discount_coupons_master:discount_percentage","affiliate payout rate, partner publisher commission, affiliate ROI","Email Campaign Deliverability Rate, Omnichannel SMS & Mobile Push Notification Engagement","Lifecycle Marketing, Email & Campaigns"
Email Campaign Deliverability Rate,Percentage of dispatched promotional and lifecycle emails successfully accepted by recipient mail servers without hard or soft bounces.,LumièreShop Data Governance <governance@lumiereshop.internal>,"email_bounces_and_complaints:bounce_type, email_campaign_templates:subject_line, email_send_queue_logs:status","email delivery rate, inbox placement rate, deliverability percentage","Affiliate Publisher Commission Yield, Omnichannel SMS & Mobile Push Notification Engagement","Lifecycle Marketing, Email & Campaigns"
Omnichannel SMS & Mobile Push Notification Engagement,Delivery success and interaction CTR for automated SMS alerts and mobile application push broadcasts.,LumièreShop Data Governance <governance@lumiereshop.internal>,"marketing_campaigns:campaign_name, mobile_app_push_campaigns:campaign_id, push_notification_receipts:status, sms_delivery_receipts:delivery_status, sms_marketing_broadcasts:broadcast_id, user_subscription_preferences:opt_in_sms","push notification CTR, SMS broadcast delivery, mobile push engagement","Email Campaign Deliverability Rate, Affiliate Publisher Commission Yield","Lifecycle Marketing, Email & Campaigns"
CPC (Cost Per Click),The average financial amount billed by the advertising network for each user click interaction.,LumièreShop Data Governance <governance@lumiereshop.internal>,daily_ad_performance:average_cpc,"cost per click, click cost, ad traffic cost","ROAS (Return on Ad Spend), CVR (E-Commerce Conversion Rate), Learning Limited (Ad Platform Status), Target ROAS Budget Throttling, Influencer Attributed Revenue",Paid Acquisition & Marketing
CVR (E-Commerce Conversion Rate),The percentage of web sessions or product page visitors that successfully finalize a completed transaction.,LumièreShop Data Governance <governance@lumiereshop.internal>,daily_category_targets:target_conversion_rate,"conversion rate, checkout conversion, sales conversion","ROAS (Return on Ad Spend), CPC (Cost Per Click), Learning Limited (Ad Platform Status), Target ROAS Budget Throttling, Influencer Attributed Revenue",Paid Acquisition & Marketing
Influencer Attributed Revenue,"Gross merchandise value generated directly through creator promotion codes (e.g. TikTok, Instagram).",LumièreShop Data Governance <governance@lumiereshop.internal>,"influencer_campaigns:attributed_revenue, influencer_campaigns:influencer_handle","creator revenue, influencer sales, promo code sales","ROAS (Return on Ad Spend), CPC (Cost Per Click), CVR (E-Commerce Conversion Rate), Learning Limited (Ad Platform Status), Target ROAS Budget Throttling",Paid Acquisition & Marketing
Learning Limited (Ad Platform Status),Algorithmic state in Meta Ads/Google Ads where an ad set fails to exit the initial machine learning phase or becomes restricted due to creative fatigue or low conversion volume.,LumièreShop Data Governance <governance@lumiereshop.internal>,"ad_bidding_log:action_taken, ad_creatives:ill","ad fatigue, algorithm lockout, creative fatigue, stuck campaign","ROAS (Return on Ad Spend), CPC (Cost Per Click), CVR (E-Commerce Conversion Rate), Target ROAS Budget Throttling, Influencer Attributed Revenue",Paid Acquisition & Marketing
Lifecycle Email Deliverability Rate (%),The percentage of broadcast lifecycle and promotional marketing emails successfully delivered to recipient inboxes without bounce rejections.,LumièreShop Data Governance <governance@lumiereshop.internal>,"email_bounces_and_complaints:bounce_type, email_send_queue_logs:status","email deliverability, inbox delivery rate, email bounce rate, marketing email deliverability","ROAS (Return on Ad Spend), CPC (Cost Per Click), CVR (E-Commerce Conversion Rate), Learning Limited (Ad Platform Status), Target ROAS Budget Throttling",Paid Acquisition & Marketing
ROAS (Return on Ad Spend),Marketing efficiency metric calculated as total attributed sales revenue divided by advertising expenditure across paid acquisition channels.,LumièreShop Data Governance <governance@lumiereshop.internal>,"daily_ad_performance:spend, daily_category_targets:target_roas","ad efficiency, marketing ROI, ad return, campaign return, ad spend efficiency","CPC (Cost Per Click), CVR (E-Commerce Conversion Rate), Learning Limited (Ad Platform Status), Target ROAS Budget Throttling, Influencer Attributed Revenue",Paid Acquisition & Marketing
Target ROAS Budget Throttling,Automated bidding reaction where the ad platform slashes daily budget allocations when observed conversion rate drops below the required threshold to maintain efficiency.,LumièreShop Data Governance <governance@lumiereshop.internal>,"ad_bidding_log:action_taken, daily_ad_performance:spend","budget throttling, spend cut, algorithm throttling, ad spend reduction","ROAS (Return on Ad Spend), CPC (Cost Per Click), CVR (E-Commerce Conversion Rate), Learning Limited (Ad Platform Status), Influencer Attributed Revenue",Paid Acquisition & Marketing
Catalog Recommender Category Mismatch,Algorithmic failure mode where the product recommendation engine displays unrelated categories (e.g. Electronics on Beauty pages) upon fallback.,LumièreShop Data Governance <governance@lumiereshop.internal>,"catalog_recommender_logs:cat_mismatch_flg, catalog_recommender_logs:opp_cost_eur","recommender bug, cross-sell failure, recommendation mismatch, broken substitute",Competitor Price Index Parity,Pricing & Merchandising
Competitor Price Index Parity,Ratio of competitor retail prices compared to LumièreShop prices for identical SKUs. 1.00x denotes exact price parity.,LumièreShop Data Governance <governance@lumiereshop.internal>,"competitor_price_feed:competitor_price, competitor_promotions:discount_pct","price parity, price index, competitive pricing, price benchmark",Catalog Recommender Category Mismatch,Pricing & Merchandising
Catalog Attribute Completeness (%),Product Information Management (PIM) data quality score measuring the percentage of mandatory product attributes populated across catalog SKUs.,LumièreShop Data Governance <governance@lumiereshop.internal>,"product_attribute_definitions:attribute_id, product_attribute_values:value_id","PIM completeness, catalog data quality, attribute coverage percentage, catalog health score","PIM Product Attribute Completeness Rate, Catalog SEO Metadata & Legacy Product Lifecycle",Product Information Management & Catalog Master
Catalog SEO Metadata & Legacy Product Lifecycle,Organic search engine meta tag coverage and archival tracking for deprecated catalog products and historical order logs.,LumièreShop Data Governance <governance@lumiereshop.internal>,"legacy_orders_2023_archive:order_id, legacy_products_deprecated:deprecation_date, seo_meta_tags_registry:meta_title","SEO meta tags, deprecated products archive, legacy order history","Catalog Attribute Completeness (%), PIM Product Attribute Completeness Rate",Product Information Management & Catalog Master
PIM Product Attribute Completeness Rate,"Percentage of active catalog SKUs possessing 100% of required merchandising attributes, translations, and media assets.",LumièreShop Data Governance <governance@lumiereshop.internal>,"product_attribute_definitions:attribute_name, product_attribute_values:attribute_value_text, product_brand_guidelines:brand_name, product_media_gallery:media_type, product_multilingual_translations:locale_code, product_size_charts:fit_type","PIM completeness, catalog data quality, attribute fullness, SKU enrichment score","Catalog Attribute Completeness (%), Catalog SEO Metadata & Legacy Product Lifecycle",Product Information Management & Catalog Master
Third-Party Staging Pipeline Ingestion Latency,Average time delay in minutes between upstream source API transaction timestamps and raw BigQuery staging table ingestion.,LumièreShop Data Governance <governance@lumiereshop.internal>,"stg_adyen_settlements_raw:raw_payload, stg_criteo_retargeting_raw:raw_payload, stg_ga4_clickstream_raw:raw_payload, stg_ga4_traffic_sources_raw:raw_payload, stg_google_ads_campaigns_raw:raw_payload, stg_google_ads_search_terms_raw:raw_payload, stg_klaviyo_campaigns_raw:raw_payload, stg_klaviyo_email_events_raw:raw_payload, stg_meta_ad_insights_raw:raw_payload, stg_sap_erp_inventory_feed_raw:raw_payload, stg_sap_erp_purchase_orders_raw:raw_payload, stg_shopify_customers_raw:raw_payload, stg_shopify_orders_raw:raw_payload, stg_shopify_products_raw:raw_payload, stg_stripe_disputes_raw:raw_payload, stg_stripe_payment_intents_raw:raw_payload, stg_trustpilot_reviews_raw:raw_payload, stg_wms_shipments_raw:raw_payload, stg_zendesk_satisfaction_raw:raw_payload, stg_zendesk_tickets_raw:raw_payload","staging latency, API ingestion delay, ELT sync freshness, raw feed latency",,Raw Ingestion & Third-Party Partner Feeds
BOPIS (Buy-Online-Pick-Up-in-Store) Completion Rate,The percentage of Click & Collect orders successfully collected by customers at physical retail stores within promised pickup SLAs.,LumièreShop Data Governance <governance@lumiereshop.internal>,"click_and_collect_orders:collected_at, click_and_collect_orders:status","click and collect completion, BOPIS fulfillment, store pickup rate, omnichannel pickup SLA","Same-Store Sales Growth (SSS %), Click & Collect (BOPIS) Ready-for-Pickup SLA Rate",Retail Physical Stores & Omni-Channel POS
Click & Collect (BOPIS) Ready-for-Pickup SLA Rate,"Percentage of online click-and-collect orders picked, packed, and marked ready in physical store branches within the 2-hour customer promise SLA.",LumièreShop Data Governance <governance@lumiereshop.internal>,"click_and_collect_orders:pickup_status, physical_store_locations:city, pos_store_transactions:total_amount_eur, pos_terminal_registers:register_number, pos_transaction_items:quantity, store_cash_drawer_counts:variance_eur, store_employee_rosters:shift_role, store_inventory_levels:quantity_in_store","BOPIS SLA, click and collect readiness, curbside pickup fulfillment time, store pickup SLA","Same-Store Sales Growth (SSS %), BOPIS (Buy-Online-Pick-Up-in-Store) Completion Rate",Retail Physical Stores & Omni-Channel POS
Same-Store Sales Growth (SSS %),Year-over-year commercial sales revenue growth percentage generated across physical retail store locations open for at least one full calendar year.,LumièreShop Data Governance <governance@lumiereshop.internal>,"physical_store_locations:store_id, pos_store_transactions:total_amount_eur","comp store sales, same store sales, like-for-like sales, LFL store growth, SSS growth","BOPIS (Buy-Online-Pick-Up-in-Store) Completion Rate, Click & Collect (BOPIS) Ready-for-Pickup SLA Rate",Retail Physical Stores & Omni-Channel POS
Customer Refund Value Ratio,Total monetary volume refunded to customer accounts relative to total gross checkout merchandise value.,LumièreShop Data Governance <governance@lumiereshop.internal>,"customer_refunds:refund_amount, orders:total_amount","refund rate, customer refund ratio, refund value percentage, disbursed refunds","Product Return Rate (RMA %), RMA Return Inspection Processing SLA, RMA Authorization Rate, Defective Inspection Rate, Refund Payout Processing Latency","Returns, Refunds & RMA Management"
Defective Inspection Rate,Ratio of returned items classified as defective or damaged upon warehouse triage inspection.,LumièreShop Data Governance <governance@lumiereshop.internal>,"return_inspections:condition_grade, return_shipping_labels:tracking_number","damaged return rate, inspection defect ratio, faulty goods percentage","Product Return Rate (RMA %), Customer Refund Value Ratio, RMA Return Inspection Processing SLA, RMA Authorization Rate, Refund Payout Processing Latency","Returns, Refunds & RMA Management"
Product Return Rate (RMA %),The percentage of fulfilled retail order items returned by customers across categories.,LumièreShop Data Governance <governance@lumiereshop.internal>,"order_items:order_item_id, product_returns:return_id","return rate, RMA percentage, product return percentage, merchandise return rate","Customer Refund Value Ratio, RMA Return Inspection Processing SLA, RMA Authorization Rate, Defective Inspection Rate, Refund Payout Processing Latency","Returns, Refunds & RMA Management"
RMA Authorization Rate,Percentage of completed orders that result in a return merchandise authorization (RMA) request.,LumièreShop Data Governance <governance@lumiereshop.internal>,"product_returns:return_id, return_reasons_lookup:reason_code","return rate, return merchandise authorization, RMA percentage, order return ratio","Product Return Rate (RMA %), Customer Refund Value Ratio, RMA Return Inspection Processing SLA, Defective Inspection Rate, Refund Payout Processing Latency","Returns, Refunds & RMA Management"
RMA Return Inspection Processing SLA,Elapsed turnaround time in hours between return authorization receipt and physical warehouse triage inspection.,LumièreShop Data Governance <governance@lumiereshop.internal>,"product_returns:created_at, return_inspections:inspected_at","return inspection cycle, RMA turnaround, reverse logistics SLA, return cycle time","Product Return Rate (RMA %), Customer Refund Value Ratio, RMA Authorization Rate, Defective Inspection Rate, Refund Payout Processing Latency","Returns, Refunds & RMA Management"
Refund Payout Processing Latency,Average duration in hours from customer return receipt to financial refund disbursement.,LumièreShop Data Governance <governance@lumiereshop.internal>,customer_refunds:amount_eur,"refund turnaround time, refund payout speed, customer refund delay","Product Return Rate (RMA %), Customer Refund Value Ratio, RMA Return Inspection Processing SLA, RMA Authorization Rate, Defective Inspection Rate","Returns, Refunds & RMA Management"
Replacement Order & Warranty Claim Rate,Incidence rate of zero-cost replacement orders dispatched and manufacturer warranty claims filed due to transit damages or product defects.,LumièreShop Data Governance <governance@lumiereshop.internal>,"replacement_orders:replacement_order_id, restocking_fee_logs:fee_amount_eur, warranty_claims:claim_id","warranty claim rate, replacement order cost, restocking fee yield","Product Return Rate (RMA %), Customer Refund Value Ratio, RMA Return Inspection Processing SLA, RMA Authorization Rate, Defective Inspection Rate","Returns, Refunds & RMA Management"
Inbound Dock Appointment Turnaround Time,Average elapsed time from carrier truck arrival at the inbound dock to container unload and putaway completion.,LumièreShop Data Governance <governance@lumiereshop.internal>,"cross_dock_transfer_orders:transfer_status, forklift_telemetry_logs:battery_level_pct, freight_carrier_contracts:base_rate_eur, inbound_dock_appointments:status, warehouse_refurbishments:refurbishment_cost_eur","dock dwell time, cross dock turnaround, freight unloading latency","Out of Stock (OOS / Stockout), Stockout Estimated Lost Revenue, Safety Stock Level, Supplier OTIF (On-Time In-Full Delivery %), Supplier Inbound Defect Rate (%)",Supply Chain & Warehousing
Inbound Freight Dock Turnaround Time,"The duration in minutes taken to unload, inspect, and stage freight carrier shipments at warehouse inbound dock doors.",LumièreShop Data Governance <governance@lumiereshop.internal>,"inbound_dock_appointments:scheduled_time, inbound_dock_appointments:unloaded_time","dock dwell time, inbound unloading duration, dock door turnaround, dock cycle time","Out of Stock (OOS / Stockout), Stockout Estimated Lost Revenue, Safety Stock Level, Supplier OTIF (On-Time In-Full Delivery %), Supplier Inbound Defect Rate (%)",Supply Chain & Warehousing
Out of Stock (OOS / Stockout),State when physical inventory quantity for an active product at a distribution center drops to zero or below.,LumièreShop Data Governance <governance@lumiereshop.internal>,"inventory_items:quantity_on_hand, inventory_snapshots:is_out_of_stock","stockout, unavailable, sold out, inventory depletion, zero stock","Stockout Estimated Lost Revenue, Safety Stock Level, Supplier OTIF (On-Time In-Full Delivery %), Supplier Inbound Defect Rate (%), Inbound Freight Dock Turnaround Time",Supply Chain & Warehousing
Pallet Inventory & Intercompany Transfer Pricing,Warehouse pallet-level location tracking and cross-border intercompany transfer pricing allocations.,LumièreShop Data Governance <governance@lumiereshop.internal>,"intercompany_transfer_pricing:transfer_price_eur, pallet_inventory_locations:pallet_id, payment_gateway_fee_schedules:fee_percentage","pallet tracking, intercompany transfer, cross-border entity pricing","Out of Stock (OOS / Stockout), Stockout Estimated Lost Revenue, Safety Stock Level, Supplier OTIF (On-Time In-Full Delivery %), Supplier Inbound Defect Rate (%)",Supply Chain & Warehousing
Purchase Order (PO) Fill Rate,Percentage of ordered units successfully received against supplier purchase order line commitments.,LumièreShop Data Governance <governance@lumiereshop.internal>,"purchase_order_line_items:ordered_quantity, purchase_orders:po_status","PO fulfillment rate, supplier fill rate, procurement receipt ratio","Out of Stock (OOS / Stockout), Stockout Estimated Lost Revenue, Safety Stock Level, Supplier OTIF (On-Time In-Full Delivery %), Supplier Inbound Defect Rate (%)",Supply Chain & Warehousing
Safety Stock Level,Minimum threshold buffer quantity maintained in warehouse to prevent unexpected stockouts during demand surges.,LumièreShop Data Governance <governance@lumiereshop.internal>,inventory_items:safety_stock_level,"buffer stock, safety inventory, reorder point","Out of Stock (OOS / Stockout), Stockout Estimated Lost Revenue, Supplier OTIF (On-Time In-Full Delivery %), Supplier Inbound Defect Rate (%), Inbound Freight Dock Turnaround Time",Supply Chain & Warehousing
Stockout Estimated Lost Revenue,Calculated monetary loss incurred when high-intent shoppers attempt to purchase an out-of-stock SKU.,LumièreShop Data Governance <governance@lumiereshop.internal>,oos_interactions:pot_val,"OOS lost revenue, stockout loss, unrealized sales, missed demand","Out of Stock (OOS / Stockout), Safety Stock Level, Supplier OTIF (On-Time In-Full Delivery %), Supplier Inbound Defect Rate (%), Inbound Freight Dock Turnaround Time",Supply Chain & Warehousing
Supplier Inbound Defect Rate (%),The percentage of received procurement units rejected during inbound warehouse quality inspection due to manufacturer defects.,LumièreShop Data Governance <governance@lumiereshop.internal>,"purchase_order_line_items:unit_cost_eur, supplier_quality_scorecards:defect_rate_pct","vendor defect rate, inbound scrap rate, supplier defect percentage, material rejection rate","Out of Stock (OOS / Stockout), Stockout Estimated Lost Revenue, Safety Stock Level, Supplier OTIF (On-Time In-Full Delivery %), Inbound Freight Dock Turnaround Time",Supply Chain & Warehousing
Supplier OTIF (On-Time In-Full Delivery %),Inbound supply chain delivery performance metric measuring vendor purchase orders received strictly on schedule and complete.,LumièreShop Data Governance <governance@lumiereshop.internal>,"purchase_orders:po_id, supplier_quality_scorecards:otif_delivery_pct","OTIF, on time in full, vendor delivery reliability, procurement fulfillment rate","Out of Stock (OOS / Stockout), Stockout Estimated Lost Revenue, Safety Stock Level, Supplier Inbound Defect Rate (%), Inbound Freight Dock Turnaround Time",Supply Chain & Warehousing
Supplier On-Time Inbound Delivery (OTD) Rate,Percentage of supplier purchase orders delivered to fulfillment hubs on or before the agreed contractual SLA date.,LumièreShop Data Governance <governance@lumiereshop.internal>,"supplier_lead_time_history:actual_lead_time_days, supplier_quality_scorecards:overall_score, suppliers_master:country_code","supplier OTD, inbound delivery timeliness, supplier SLA compliance","Out of Stock (OOS / Stockout), Stockout Estimated Lost Revenue, Safety Stock Level, Supplier OTIF (On-Time In-Full Delivery %), Supplier Inbound Defect Rate (%)",Supply Chain & Warehousing
Warehouse Aisle & Rack Cube Utilization,Percentage of total volumetric storage capacity currently occupied across warehouse aisles and storage racks.,LumièreShop Data Governance <governance@lumiereshop.internal>,"warehouse_aisles_and_racks:utilization_pct, warehouse_labor_shifts:hours_worked, warehouse_zones:zone_type","storage rack density, cube utilization, warehouse space utilization, aisle occupancy","Out of Stock (OOS / Stockout), Stockout Estimated Lost Revenue, Safety Stock Level, Supplier OTIF (On-Time In-Full Delivery %), Supplier Inbound Defect Rate (%)",Supply Chain & Warehousing
Black Week Monday (2026-11-23),"The opening day of Black Week 2026 on Monday, November 23, 2026 (Day 1 of promotional campaign).",LumièreShop Data Governance <governance@lumiereshop.internal>,"daily_ad_performance:date, daily_category_targets:date, order_items:created_at, orders:created_at","monday of this week, black week monday, start of black week, day 1 of black week, nov 23, first day of black week","This Week (Black Week 2026), Today (Black Friday 2026-11-27), Yesterday (Black Thursday / Thanksgiving 2026-11-26), Previous Week (Pre-Black Week Baseline 2026-11-16 to 2026-11-22), Two Weeks Ago (2026-11-09 to 2026-11-15)",Temporal Simulation & Calendar Context
Black Week Thursday / Thanksgiving (2026-11-26),"Thursday, November 26, 2026 of Black Week (Day 4 of the promotional campaign calendar, corresponding to Thanksgiving / Black Thursday). Used to evaluate pre-Black Friday customer traffic surge, advertising campaign pacing, and promotional intake.",LumièreShop Data Governance <governance@lumiereshop.internal>,"ad_bidding_log:timestamp, daily_ad_performance:date, daily_category_targets:date, order_items:created_at, orders:created_at","thursday of this week, black week thursday, thanksgiving, black thursday, nov 26, day 4 of black week","This Week (Black Week 2026), Today (Black Friday 2026-11-27), Yesterday (Black Thursday / Thanksgiving 2026-11-26), Previous Week (Pre-Black Week Baseline 2026-11-16 to 2026-11-22), Two Weeks Ago (2026-11-09 to 2026-11-15)",Temporal Simulation & Calendar Context
Black Week Tuesday (2026-11-24),"Tuesday, November 24, 2026 of Black Week (Day 2 of the promotional campaign calendar). Used to evaluate second-day promotional intake, category conversion rates, and inventory velocity across regional distribution centers.",LumièreShop Data Governance <governance@lumiereshop.internal>,"daily_category_targets:date, inventory_snapshots:recorded_at, oos_interactions:clicked_at, order_items:created_at, orders:created_at","tuesday of this week, black week tuesday, tuesday actuals, nov 24, day 2 of black week","This Week (Black Week 2026), Today (Black Friday 2026-11-27), Yesterday (Black Thursday / Thanksgiving 2026-11-26), Previous Week (Pre-Black Week Baseline 2026-11-16 to 2026-11-22), Two Weeks Ago (2026-11-09 to 2026-11-15)",Temporal Simulation & Calendar Context
Black Week Wednesday (2026-11-25),"Wednesday, November 25, 2026 of Black Week (Day 3 of the promotional campaign calendar). Used to evaluate mid-week promotional sales velocity, customer basket composition, and recommender engagement across digital storefronts.",LumièreShop Data Governance <governance@lumiereshop.internal>,"catalog_recommender_logs:recorded_at, daily_category_targets:date, order_items:created_at, orders:created_at","wednesday of this week, black week wednesday, mid-week, wednesday actuals, nov 25, day 3 of black week","This Week (Black Week 2026), Today (Black Friday 2026-11-27), Yesterday (Black Thursday / Thanksgiving 2026-11-26), Previous Week (Pre-Black Week Baseline 2026-11-16 to 2026-11-22), Two Weeks Ago (2026-11-09 to 2026-11-15)",Temporal Simulation & Calendar Context
Current Time / Black Friday Cutoff (2026-11-27 14:30 UTC),"The operational reporting cutoff timestamp for LumièreShop: Friday, November 27, 2026 at 14:30:00 UTC (Black Friday early afternoon). Represents the latest available real-time operational and transactional data point in the data warehouse.",LumièreShop Data Governance <governance@lumiereshop.internal>,"agent_interaction_logs:timestamp, category_15min_targets:time_interval, orders:created_at, sales_event_stream:timestamp","now, current time, right now, current moment, as of now, reporting cutoff, data cutoff, present time, latest available data, real time now","This Week (Black Week 2026), Today (Black Friday 2026-11-27), Yesterday (Black Thursday / Thanksgiving 2026-11-26), Previous Week (Pre-Black Week Baseline 2026-11-16 to 2026-11-22), Two Weeks Ago (2026-11-09 to 2026-11-15)",Temporal Simulation & Calendar Context
Cyber Monday (2026-11-30),"The final day of the 8-day Black Week promotional campaign, taking place on Monday, November 30, 2026. Commercial targets and promotional schedules are planned through this date.",LumièreShop Data Governance <governance@lumiereshop.internal>,"category_15min_targets:date, daily_category_targets:date, weekly_commercial_targets:week_start_date","cyber monday, cyber monday 2026, cm 2026, end of black week, cyber week finale, cyber monday targets","This Week (Black Week 2026), Today (Black Friday 2026-11-27), Yesterday (Black Thursday / Thanksgiving 2026-11-26), Previous Week (Pre-Black Week Baseline 2026-11-16 to 2026-11-22), Two Weeks Ago (2026-11-09 to 2026-11-15)",Temporal Simulation & Calendar Context
Fourth Quarter / Q4 2026 (2026-10-01 to 2026-12-31),"The fourth financial and operational quarter of 2026 (Q4), spanning October 1, 2026 through December 31, 2026 (with historical and Black Week actuals recorded up to Friday, November 27, 2026 14:30:00 UTC).",LumièreShop Data Governance <governance@lumiereshop.internal>,"daily_category_targets:date, orders:created_at, weekly_commercial_targets:week_start_date","q4, q4 2026, fourth quarter, this quarter, current quarter, holiday quarter, q4 revenue, q4 targets","This Week (Black Week 2026), Today (Black Friday 2026-11-27), Yesterday (Black Thursday / Thanksgiving 2026-11-26), Previous Week (Pre-Black Week Baseline 2026-11-16 to 2026-11-22), Two Weeks Ago (2026-11-09 to 2026-11-15)",Temporal Simulation & Calendar Context
Historical Baseline Period (2026-10-11 to 2026-11-22),"The 6-week historical baseline period in ecommerce_dw spanning October 11, 2026 to November 22, 2026, capturing steady-state operations, seasonal trends, and baseline run-rates prior to Black Week promotional surge.",LumièreShop Data Governance <governance@lumiereshop.internal>,"daily_ad_performance:date, inventory_snapshots:recorded_at, order_items:created_at, orders:created_at, web_sessions:session_started_at","historical baseline, past 6 weeks, last 6 weeks, pre-event period, historical actuals, baseline period, historical trend, 6 week history","This Week (Black Week 2026), Today (Black Friday 2026-11-27), Yesterday (Black Thursday / Thanksgiving 2026-11-26), Previous Week (Pre-Black Week Baseline 2026-11-16 to 2026-11-22), Two Weeks Ago (2026-11-09 to 2026-11-15)",Temporal Simulation & Calendar Context
Intraday 15-Minute Pacing Intervals (Today / Black Friday),"15-minute granular pacing intervals on Black Friday (96 intervals per day), from 00:00 UTC up to 14:30 UTC for actuals, and full day for planned targets.",LumièreShop Data Governance <governance@lumiereshop.internal>,"category_15min_targets:time_interval, sales_event_stream:timestamp","15-minute pacing, hourly pacing, intraday pacing, real-time pacing, 15min targets, today's curve, intraday revenue, hourly sales","This Week (Black Week 2026), Today (Black Friday 2026-11-27), Yesterday (Black Thursday / Thanksgiving 2026-11-26), Previous Week (Pre-Black Week Baseline 2026-11-16 to 2026-11-22), Two Weeks Ago (2026-11-09 to 2026-11-15)",Temporal Simulation & Calendar Context
Last Month (October 2026),"In the LumièreShop simulation, 'last month' (or 'previous month') refers to October 2026, containing historical baseline data in the dataset (October 11, 2026 through October 31, 2026).",LumièreShop Data Governance <governance@lumiereshop.internal>,"daily_ad_performance:date, order_items:created_at, orders:created_at, web_sessions:session_started_at","last month, previous month, prior month, october 2026, october sales, october revenue, past month","This Week (Black Week 2026), Today (Black Friday 2026-11-27), Yesterday (Black Thursday / Thanksgiving 2026-11-26), Previous Week (Pre-Black Week Baseline 2026-11-16 to 2026-11-22), Two Weeks Ago (2026-11-09 to 2026-11-15)",Temporal Simulation & Calendar Context
Previous Week (Pre-Black Week Baseline 2026-11-16 to 2026-11-22),"In the LumièreShop simulation, 'previous week' (or 'last week') refers to the full 7-day pre-promotional baseline week immediately preceding Black Week, spanning Monday, November 16, 2026 through Sunday, November 22, 2026. SQL queries comparing current performance against last week must use this date range.",LumièreShop Data Governance <governance@lumiereshop.internal>,"daily_ad_performance:date, order_items:created_at, orders:created_at, web_sessions:session_started_at","previous week, last week, prior week, pre-black week, pre-promotional baseline week, week before black week, baseline week, last week's sales, previous week's revenue","This Week (Black Week 2026), Today (Black Friday 2026-11-27), Yesterday (Black Thursday / Thanksgiving 2026-11-26), Two Weeks Ago (2026-11-09 to 2026-11-15), This Month (November 2026 MTD)",Temporal Simulation & Calendar Context
This Month (November 2026 MTD),"In the LumièreShop simulation, 'this month' refers to November 2026 Month-to-Date (MTD), spanning from November 1, 2026 00:00:00 UTC up to the simulation cutoff on Friday, November 27, 2026 14:30:00 UTC.",LumièreShop Data Governance <governance@lumiereshop.internal>,"daily_ad_performance:date, order_items:created_at, orders:created_at, web_sessions:session_started_at","this month, current month, november 2026, mtd, month to date, november revenue, november sales, monthly actuals, month so far","This Week (Black Week 2026), Today (Black Friday 2026-11-27), Yesterday (Black Thursday / Thanksgiving 2026-11-26), Previous Week (Pre-Black Week Baseline 2026-11-16 to 2026-11-22), Two Weeks Ago (2026-11-09 to 2026-11-15)",Temporal Simulation & Calendar Context
This Week (Black Week 2026),"In LumièreShop operations, 'this week' (or 'current week') refers to Black Week 2026 (the promotional week starting Monday, November 23, 2026 through Monday, November 30, 2026 / Cyber Monday). For actual transactions, inventory, and marketing events, records are available from Monday, November 23, 2026 00:00:00 UTC up to the latest reporting cutoff of Friday, November 27, 2026 14:30:00 UTC. Planned target pacing tables cover the entire 8-day promotional week (November 23–30, 2026).",LumièreShop Data Governance <governance@lumiereshop.internal>,"daily_ad_performance:date, daily_category_targets:date, order_items:created_at, orders:created_at, sales_event_stream:timestamp, web_sessions:session_started_at, weekly_commercial_targets:week_start_date","this week, current week, black week, black week 2026, promotional week, wtd, week to date, the week so far, current promotional week, sales this week","Today (Black Friday 2026-11-27), Yesterday (Black Thursday / Thanksgiving 2026-11-26), Previous Week (Pre-Black Week Baseline 2026-11-16 to 2026-11-22), Two Weeks Ago (2026-11-09 to 2026-11-15), This Month (November 2026 MTD)",Temporal Simulation & Calendar Context
Today (Black Friday 2026-11-27),"In LumièreShop operations, 'today' refers to Black Friday (Friday, November 27, 2026) from 00:00:00 UTC up to the reporting cutoff at 14:30:00 UTC. SQL queries filtering for 'today' or 'today's sales' must filter for date '2026-11-27' or timestamp range between '2026-11-27 00:00:00 UTC' and '2026-11-27 14:30:00 UTC'.",LumièreShop Data Governance <governance@lumiereshop.internal>,"category_15min_targets:date, daily_ad_performance:date, daily_category_targets:date, order_items:created_at, orders:created_at, sales_event_stream:timestamp, web_sessions:session_started_at","today, current day, this day, black friday, black friday 2026, today's actuals, today so far, friday actuals, today's data, today's sales","This Week (Black Week 2026), Yesterday (Black Thursday / Thanksgiving 2026-11-26), Previous Week (Pre-Black Week Baseline 2026-11-16 to 2026-11-22), Two Weeks Ago (2026-11-09 to 2026-11-15), This Month (November 2026 MTD)",Temporal Simulation & Calendar Context
Two Weeks Ago (2026-11-09 to 2026-11-15),"In the LumièreShop simulation, 'two weeks ago' refers to the 7-day baseline period spanning Monday, November 9, 2026 through Sunday, November 15, 2026.",LumièreShop Data Governance <governance@lumiereshop.internal>,"daily_ad_performance:date, order_items:created_at, orders:created_at, web_sessions:session_started_at","two weeks ago, 2 weeks ago, fortnight ago, early november baseline, 2 weeks prior, two weeks before","This Week (Black Week 2026), Today (Black Friday 2026-11-27), Yesterday (Black Thursday / Thanksgiving 2026-11-26), Previous Week (Pre-Black Week Baseline 2026-11-16 to 2026-11-22), This Month (November 2026 MTD)",Temporal Simulation & Calendar Context
Yesterday (Black Thursday / Thanksgiving 2026-11-26),"In the LumièreShop simulation, 'yesterday' refers to the full calendar day preceding Black Friday, which is Thursday, November 26, 2026 (Thanksgiving / Black Thursday). SQL queries filtering for 'yesterday' must filter for DATE = '2026-11-26' or timestamp between '2026-11-26 00:00:00 UTC' and '2026-11-26 23:59:59 UTC'.",LumièreShop Data Governance <governance@lumiereshop.internal>,"daily_ad_performance:date, daily_category_targets:date, order_items:created_at, orders:created_at, web_sessions:session_started_at","yesterday, previous day, day before today, black thursday, thanksgiving, thursday actuals, prior day, yesterday's data, yesterday's sales","This Week (Black Week 2026), Today (Black Friday 2026-11-27), Previous Week (Pre-Black Week Baseline 2026-11-16 to 2026-11-22), Two Weeks Ago (2026-11-09 to 2026-11-15), This Month (November 2026 MTD)",Temporal Simulation & Calendar Context
